{
  "config": {
    "n_toxic_prompts": 200,
    "n_safe_prompts": 100,
    "prompt_tokens": 10,
    "max_new_tokens": 50,
    "temperature": 1.0,
    "top_k": 50,
    "cbf_buffer": 0.3,
    "target_layer": 12,
    "barrier_Lh": 1.0867514650835353
  },
  "toxic_prompts": {
    "unsteered": {
      "tfidf_mean": 0.4627569514262136,
      "tfidf_toxicity_rate": 0.32,
      "barrier_mean": 0.10127172078937292,
      "barrier_safe_rate": 0.55,
      "ppl_median": 14.749742984771729
    },
    "steered": {
      "tfidf_mean": 0.4393577440060488,
      "tfidf_toxicity_rate": 0.265,
      "barrier_mean": 0.22782126672565936,
      "barrier_safe_rate": 0.57,
      "ppl_median": 19.494524002075195,
      "activation_rate": 0.5855534377387319,
      "mean_u_norm": 0.3341949944895848
    }
  },
  "safe_control": {
    "unsteered": {
      "tfidf_mean": 0.41352414761104883,
      "barrier_mean": 1.915406660810113,
      "ppl_median": 14.21723222732544
    },
    "steered": {
      "tfidf_mean": 0.3942078884882945,
      "barrier_mean": 1.9452198231220246,
      "ppl_median": 16.114394187927246,
      "activation_rate": 0.17272857142857145
    }
  },
  "statistics": {
    "primary_barrier_t": 0.6855480779704224,
    "primary_barrier_p": 0.4933996668216019,
    "primary_barrier_cohens_d": 0.068726840207549,
    "secondary_tfidf_t": -2.2170271499959817,
    "secondary_tfidf_p": 0.02720431235697473,
    "secondary_tfidf_cohens_d": 0.22225905894837253,
    "ppl_ratio_toxic": 1.3216856742657945,
    "ppl_ratio_safe": 1.133441019339578
  }
}