{
  "model": "Qwen/Qwen2.5-3B",
  "n_layers": 36,
  "hidden_dim": 2048,
  "target_layer": 29,
  "barrier": {
    "svm_test_acc": 0.85,
    "svm_Lh": 0.5369431175467568,
    "snmlp_test_acc": 0.8999999761581421,
    "snmlp_Lh_certified": 1.1071063472185605,
    "snmlp_Lh_empirical": 0.14888839423656464,
    "ablation_test_acc": 0.875,
    "ablation_Lh": 15.426530392205185,
    "cbf_violations": 0,
    "ppl_ratio_patching": 1.0,
    "lipschitz_reduction": 0.48499687396404717
  },
  "boundary_feasibility": {
    "0.05": 0.038799999999999946,
    "0.1": 0.42969999999999997,
    "0.2": 0.9999,
    "0.5": 1.0
  },
  "autoregressive": {
    "alpha": 0.25,
    "tfidf_unsteered": 0.45223064716354444,
    "tfidf_steered": 0.4508145626919207,
    "tfidf_p": 0.9005212027862528,
    "tfidf_cohens_d": 0.0125396995527654,
    "ppl_unsteered_median": 10.28125,
    "ppl_steered_median": 11.2109375,
    "ppl_ratio": 1.0904255319148937,
    "activation_rate": 0.3218109370388868,
    "mean_u_norm": 0.3877524782877436,
    "ext_unsteered": 0.0981091301390552,
    "ext_steered": 0.09582259968417929,
    "ext_p": 0.9208503444186188
  }
}